result,party,sex,age,conviction_tidy
4.70008654550296,самовыдвижение,ж,40,0
6.11696168496527,кпрф,ж,36,0
6.52977936487693,самовыдвижение,м,34,0
5.0775045188147,кпрф,м,64,0
4.69336670838548,самовыдвижение,м,46,0
4.93654130654831,яблоко,м,29,0
0.557147405284941,самовыдвижение,м,23,0
6.58234808908441,самовыдвижение,ж,65,0
3.3438038301753,справедливая россия,м,40,0
6.15168976794892,самовыдвижение,м,21,0
4.98837455083492,едро,ж,55,0
8.43456337382535,самовыдвижение,ж,70,0
7.82282550455438,кпрф,ж,43,0
6.83897896933697,яблоко,ж,42,0
0.770173288990023,самовыдвижение,м,32,0
9.22294843863471,едро,м,39,0
15.4341603053435,справедливая россия,м,54,0
9.84585474239689,яблоко,м,54,0
6.31972431516851,яблоко,м,68,0
4.53628063431043,самовыдвижение,м,76,0
1.50611246943765,самовыдвижение,м,32,0
21.9273461150353,едро,ж,50,0
2.6430565247732,лдпр,м,34,0
4.29594272076372,едро,м,52,0
5.88819053919947,самовыдвижение,м,33,0
5.05691056910569,яблоко,ж,25,0
13.2320042110804,едро,м,55,0
3.83697285827955,лдпр,м,33,0
1.78272980501393,самовыдвижение,м,45,0
7.83333333333333,самовыдвижение,ж,40,0
2.29837024655244,самовыдвижение,м,38,0
4.48474623928019,самовыдвижение,м,30,0
2.57889009793254,самовыдвижение,м,37,0
8.6681029020403,справедливая россия,м,34,0
6.50095602294455,едро,ж,59,0
9.43374729406403,едро,м,59,0
5.85772044666923,самовыдвижение,ж,33,0
6.12827572142347,справедливая россия,м,38,0
7.4468085106383,едро,ж,56,0
6.92526401299756,справедливая россия,м,48,1
4.36933797909408,лдпр,м,40,0
2.43877127438771,самовыдвижение,м,34,0
2.64003270836984,самовыдвижение,ж,26,0
2.45507730881738,справедливая россия,м,41,0
6.02866779089376,справедливая россия,ж,37,0
1.09413318241841,кпрф,м,21,0
3.75636037114636,самовыдвижение,ж,47,0
3.90882379129196,самовыдвижение,ж,67,0
3.38662973687524,кпрф,м,56,0
0.782122905027933,лдпр,ж,28,0
5.99122412241224,самовыдвижение,м,35,0
7.35270508909937,едро,м,34,0
4.19477693144723,справедливая россия,м,58,0
1.56715248393669,лдпр,м,19,0
8.01626016260163,едро,ж,59,0
9.05923344947735,едро,м,45,0
0.85284960064979,самовыдвижение,м,34,0
1.23456790123457,лдпр,м,46,0
6.99220352892901,лдпр,м,46,0
5.27045769764216,самовыдвижение,м,31,0
9.16666666666667,едро,ж,60,0
3.09013976150789,самовыдвижение,м,32,0
3.8576602109904,яблоко,ж,23,0
7.76424159231297,кпрф,м,52,0
0.548664122137405,лдпр,м,38,0
2.33210969553012,лдпр,м,39,0
17.5432319618366,едро,ж,26,0
3.86057351302057,самовыдвижение,м,49,0
3.43554006968641,кпрф,м,53,0
0.980537810132224,самовыдвижение,м,31,0
1.61827701094717,самовыдвижение,м,30,0
4.32378792174653,самовыдвижение,м,50,0
4.98284350290914,справедливая россия,ж,27,0
4.52251552795031,самовыдвижение,ж,60,0
10.3403460320039,кпрф,м,45,0
2.75381961557417,самовыдвижение,м,45,0
3.87894288150043,кпрф,м,77,0
5.78848560700876,самовыдвижение,м,32,0
3.24296499656829,лдпр,м,62,0
3.52744112720465,яблоко,ж,35,0
2.13951021129874,справедливая россия,м,47,0
8.02585510368974,кпрф,м,63,0
6.27000410340583,кпрф,м,36,0
9.04225666183521,едро,м,55,0
3.51141499594391,самовыдвижение,ж,34,0
4.06378031225778,лдпр,м,34,0
9.38882743362832,самовыдвижение,м,21,0
6.34780302360534,самовыдвижение,м,48,0
8.09615384615385,самовыдвижение,м,38,0
6.82077755950477,яблоко,ж,33,0
6.97519083969466,кпрф,м,28,0
4.03869878579313,самовыдвижение,ж,40,0
7.25753388603764,едро,м,39,0
3.44183149042205,едро,м,24,0
29.8059611922384,едро,м,51,0
1.12757731958763,самовыдвижение,м,49,0
1.41357762543226,справедливая россия,м,40,0
4.39295373145238,лдпр,м,22,0
3.41772151898734,самовыдвижение,ж,68,0
3.45511847788024,едро,ж,61,0
1.28831833340948,самовыдвижение,м,47,0
1.6077682266794,лдпр,м,22,0
1.70747422680412,кпрф,ж,34,0
9.72067039106145,самовыдвижение,ж,53,0
2.98288508557457,самовыдвижение,м,35,0
1.7607223476298,самовыдвижение,м,67,0
1.96078431372549,лдпр,м,21,0
7.51475548060708,едро,ж,45,0
10.9595529032869,самовыдвижение,м,57,0
19.7318007662835,едро,м,66,0
7.63653939101015,едро,ж,34,0
13.7199633570573,кпрф,м,72,0
10.5321020228672,самовыдвижение,ж,60,0
4.15360501567398,лдпр,м,45,0
0.809414108710541,самовыдвижение,м,26,0
4.74631751227496,самовыдвижение,м,36,0
8.92573646145705,справедливая россия,м,49,0
7.35237852314756,едро,м,38,0
25.1511487303507,самовыдвижение,м,37,0
5.20364536453645,кпрф,м,18,0
2.14726982861698,лдпр,м,42,0
10.9674785685127,едро,ж,49,0
9.97294163123309,едро,м,33,0
4.50062508681761,яблоко,м,44,0
4.58585405930241,едро,м,67,0
13.9926199261993,едро,ж,54,0
1.50436751860239,лдпр,м,58,0
2.71311606999518,самовыдвижение,м,39,0
2.33386780687689,самовыдвижение,ж,67,0
5.37346167905447,яблоко,м,62,0
0.274991912002588,едро,м,29,0
12.5083911389573,едро,ж,40,0
2.73941330898299,лдпр,ж,42,0
6.31777157327446,самовыдвижение,м,52,0
3.21424442132038,лдпр,м,45,0
1.5158924205379,самовыдвижение,м,50,0
1.65161290322581,самовыдвижение,м,40,0
3.42910101946247,кпрф,м,69,0
3.61958836053939,самовыдвижение,м,32,0
4.54545454545455,кпрф,м,18,0
0.61084142394822,лдпр,ж,51,0
3.0258120291466,самовыдвижение,м,41,0
2.47667218976193,самовыдвижение,м,45,0
2.24281742354031,яблоко,ж,26,0
7.6531450156019,едро,м,54,0
2.79161477791615,лдпр,м,29,0
15.238362836002601,едро,ж,49,0
19.1312384473198,самовыдвижение,м,36,0
8.49416249702168,едро,ж,53,0
10.4920858799561,едро,ж,39,0
4.49026345933562,едро,м,55,0
2.22400197141449,яблоко,м,21,0
10.0182149362477,самовыдвижение,м,51,0
5.02015131160291,яблоко,м,51,0
3.80789997158284,самовыдвижение,м,29,0
1.18139767470934,лдпр,ж,22,0
7.69573614618927,самовыдвижение,м,51,0
8.70998116760829,яблоко,м,29,0
1.20011163829193,самовыдвижение,м,36,0
4.89703419056065,самовыдвижение,м,41,0
7.66985932355582,едро,ж,72,0
2.46704967894559,самовыдвижение,м,26,0
7.38613048830529,самовыдвижение,ж,32,0
2.7711882682769,лдпр,м,62,0
1.92183113798316,лдпр,ж,28,0
3.26519777010884,лдпр,ж,64,0
1.39236545682103,лдпр,м,46,0
4.68537799909461,самовыдвижение,м,30,0
3.75342465753425,едро,м,35,0
6.53260352213232,самовыдвижение,м,47,0
3.25951062689766,кпрф,ж,33,0
3.83810188415911,самовыдвижение,ж,27,0
5.85964310226493,справедливая россия,м,42,0
3.47099469709143,самовыдвижение,м,57,0
7.60852530951262,едро,м,37,0
16.0870719405362,едро,м,35,0
9.31612903225806,едро,ж,39,0
1.97138672975104,самовыдвижение,ж,34,0
4.22064354366903,кпрф,м,30,0
10.4260089686099,едро,ж,26,0
17.1798472445799,едро,м,43,0
0.980506595074122,лдпр,м,26,0
2.1830985915493,самовыдвижение,м,43,1
2.71490750816104,самовыдвижение,м,31,0
0.766442257897462,самовыдвижение,м,42,0
7.2852354912683,яблоко,м,33,0
4.16340585381124,яблоко,м,22,0
21.1523588553751,едро,м,70,0
0.165234633179114,самовыдвижение,м,46,0
15.6400742115028,самовыдвижение,ж,46,0
3.12967750714383,лдпр,м,29,0
4.47222222222222,самовыдвижение,м,36,0
4.82688905736669,едро,м,64,0
3.10393258426966,кпрф,м,57,0
6.1445097667362,кпрф,ж,34,0
3.37476885144853,лдпр,м,20,0
17.3864783047427,едро,ж,56,0
4.52856025039124,едро,м,32,0
4.27318760034581,кпрф,м,69,0
9.07935355002724,едро,ж,46,0
4.15187107347719,кпрф,ж,51,0
2.07766854911804,самовыдвижение,м,46,0
1.59915956577565,самовыдвижение,м,32,0
0.855426803373172,самовыдвижение,м,36,0
0.0266808964781217,самовыдвижение,ж,21,0
4.51099317664898,кпрф,м,42,0
22.4770642201835,самовыдвижение,м,38,0
1.26435758169353,самовыдвижение,м,29,0
16.3432686537307,едро,ж,54,0
8.05620005155968,лдпр,м,36,0
1.91073238484928,самовыдвижение,ж,39,0
3.43988145639289,справедливая россия,м,30,0
14.6448406898568,едро,м,56,0
0.878675228117607,самовыдвижение,м,37,0
17.7344205008736,едро,м,61,0
9.51133501259446,едро,м,32,0
5.37538871612617,самовыдвижение,м,47,0
7.44341063741147,яблоко,м,38,0
7.01462765957447,едро,м,28,0
1.75681010659297,самовыдвижение,м,40,0
9.48192771084337,справедливая россия,ж,35,0
5.75079872204473,самовыдвижение,ж,56,0
5.79317812669193,справедливая россия,м,30,0
6.0213843556556,яблоко,ж,32,0
1.02440762515589,самовыдвижение,ж,25,0
16.8617131777578,едро,ж,60,0
13.394041198833,самовыдвижение,ж,62,0
2.96148534601811,лдпр,ж,52,0
11.6484217238814,едро,ж,67,0
18.2205720572057,самовыдвижение,м,47,0
3.50616550289704,самовыдвижение,ж,40,0
6.75590219224283,едро,ж,67,0
6.28435596493834,яблоко,м,28,0
6.46494464944649,справедливая россия,ж,51,0
1.07280617164899,самовыдвижение,ж,23,0
12.4386252045827,едро,ж,44,0
14.8682926829268,едро,ж,61,0
5.61215826116488,самовыдвижение,м,24,0
7.06106870229008,самовыдвижение,м,42,0
7.08661417322835,яблоко,м,19,0
3.46827868351957,кпрф,ж,20,0
2.99267749124483,кпрф,м,34,0
7.4699390545215,справедливая россия,м,34,0
15.011568718186,самовыдвижение,ж,23,0
1.25400213447172,самовыдвижение,м,22,0
5.15648102513553,яблоко,м,71,0
8.59063461319357,едро,м,47,0
9.93285078922124,едро,м,55,0
6.18843434928729,справедливая россия,м,29,0
5.80836486348297,яблоко,ж,38,0
14.3504005572971,самовыдвижение,м,37,0
6.26337655797558,яблоко,ж,53,0
15.7727272727273,едро,м,45,0
0.580461899468939,самовыдвижение,м,26,0
5.15542077331312,яблоко,ж,35,0
46.2765957446808,едро,ж,53,0
1.77017114914425,самовыдвижение,м,48,0
3.10102301790281,справедливая россия,ж,57,0
4.88992379339543,справедливая россия,м,57,0
5.49024084008675,самовыдвижение,м,42,0
2.44723156928724,лдпр,м,39,0
5.05956552207428,едро,ж,44,0
3.27648974899406,самовыдвижение,м,37,0
6.2664079442986,едро,м,66,0
3.25462667517549,самовыдвижение,м,42,0
4.83058919580895,лдпр,ж,35,0
5.82050891360658,яблоко,м,28,0
3.26820075381869,самовыдвижение,м,45,0
8.74897792313982,справедливая россия,м,40,0
3.41406166648885,яблоко,м,22,0
5.49372723593687,самовыдвижение,м,28,0
6.25473843821077,едро,м,36,0
6.30055827731571,кпрф,ж,41,0
4.7710843373494,самовыдвижение,м,48,0
5.61049234932861,кпрф,м,41,0
9.70315398886827,едро,ж,36,0
4.89326765188834,лдпр,м,42,0
3.76153300212917,самовыдвижение,м,35,0
5.67386560313041,справедливая россия,м,55,0
0.834804944613903,самовыдвижение,ж,35,0
11.5112994350282,едро,ж,55,0
0.586845214651438,самовыдвижение,м,37,0
2.21350976067957,справедливая россия,м,28,0
6.66450986735684,самовыдвижение,м,51,0
9.5187768618333,едро,ж,21,0
4.9937317175094,кпрф,м,44,0
4.79767385510056,кпрф,м,37,0
4.61645262061784,самовыдвижение,м,24,0
2.93376117350447,яблоко,ж,53,0
1.58789744359773,самовыдвижение,м,40,0
8.89138998311761,едро,ж,31,0
3.2967032967033,самовыдвижение,м,42,1
0.855249091297841,самовыдвижение,м,31,0
2.13888888888889,кпрф,м,57,0
18.75,едро,м,34,0
4.27628337767268,справедливая россия,м,45,0
6.66815842470351,самовыдвижение,м,67,0
6.93691473632331,лдпр,м,45,0
1.36402387041773,лдпр,м,24,0
5.37413696585184,самовыдвижение,м,37,0
17.4832623250152,едро,м,52,0
4.64163066356486,справедливая россия,ж,28,0
7.07610146862483,едро,м,66,0
5.45805545805546,едро,ж,49,0
3.31192970598175,кпрф,ж,47,0
5.51549840184346,яблоко,м,43,0
3.2996526681402,самовыдвижение,м,55,0
12.7970929090552,самовыдвижение,м,33,0
5.02132145081692,самовыдвижение,ж,35,0
16.7157986679769,едро,ж,56,0
3.68715083798883,самовыдвижение,ж,58,0
6.69225634178905,самовыдвижение,м,34,0
4.96476964769648,едро,м,32,0
11.0240963855422,едро,ж,54,0
2.66491032526092,самовыдвижение,м,36,0
5.89656839052682,едро,м,58,0
5.47013199074704,едро,м,43,0
17.5924915420714,едро,м,59,0
3.76935995521553,самовыдвижение,м,40,0
1.32386657791583,самовыдвижение,ж,35,0
3.07746478873239,лдпр,ж,22,0
7.22179139201241,едро,ж,61,0
4.05045550105116,едро,м,39,0
5.75774413112932,едро,м,57,0
6.22338233273801,яблоко,м,26,0
0.78870900788709,самовыдвижение,ж,38,0
6.80207841284837,лдпр,ж,34,0
6.14944961896698,справедливая россия,м,29,0
6.13291169565426,едро,ж,40,0
7.42303484919519,едро,м,45,0
4.12097042206713,едро,м,34,0
7.18660968660969,самовыдвижение,м,53,0
4.29469687981967,лдпр,м,33,0
5.21483934080819,едро,м,55,0
1.90424374319913,самовыдвижение,м,48,0
3.80502707957228,самовыдвижение,м,46,0
7.00669757856775,едро,ж,53,0
4.56365935919056,кпрф,м,32,0
7.72622699386503,едро,м,43,0
1.33733283339583,самовыдвижение,м,43,0
6.58124635993011,справедливая россия,ж,24,0
7.75772042369088,едро,м,65,0
5.84066835745189,справедливая россия,м,51,0
2.73633273806095,кпрф,м,54,0
5.09609784507863,самовыдвижение,ж,35,0
1.81549815498155,кпрф,м,22,0
5.26829268292683,самовыдвижение,ж,65,0
7.11632744020205,едро,ж,47,0
5.19134775374376,кпрф,ж,26,0
1.91489361702128,самовыдвижение,м,41,0
7.04533520042009,самовыдвижение,м,49,0
9.37696664568911,едро,ж,44,0
5.64971751412429,справедливая россия,м,63,0
0.880281690140845,самовыдвижение,м,44,0
11.7325891773841,справедливая россия,м,31,0
3.27628361858191,справедливая россия,ж,50,0
3.94324512534819,яблоко,ж,24,0
22.3700120918984,едро,м,51,0
3.46362745970973,самовыдвижение,ж,58,0
7.72650805094929,едро,м,52,0
6.32029994643814,едро,м,40,0
1.90178824865172,лдпр,м,38,0
13.7423043095866,едро,ж,27,0
0.645476772616137,самовыдвижение,м,34,0
0.938207699773536,самовыдвижение,м,45,0
6.37329286798179,яблоко,ж,35,0
4.58011822571184,самовыдвижение,ж,36,0
2.10006774412078,самовыдвижение,м,30,0
5.74930502906242,едро,ж,59,0
4.36986301369863,яблоко,м,22,0
9.75609756097561,едро,м,52,0
3.46622254606016,справедливая россия,м,37,0
11.3819899436233,едро,м,55,0
9.31098696461825,едро,м,39,0
6.46350931677019,самовыдвижение,ж,57,0
3.82052421146157,справедливая россия,м,44,0
6.37982195845697,едро,ж,61,0
6.15399203489475,самовыдвижение,м,27,0
5.04847035125268,самовыдвижение,м,35,0
11.897670866743,кпрф,ж,38,0
5.16673129119814,едро,м,42,0
3.99722277325927,самовыдвижение,ж,55,0
14.1342562074269,едро,м,43,0
6.45704282251549,справедливая россия,м,42,0
1.08414239482201,лдпр,ж,49,0
5.08718145238552,кпрф,м,44,0
2.77037426329817,самовыдвижение,м,36,0
1.42480645692637,самовыдвижение,м,37,0
7.60693015701137,едро,м,70,0
5.69741697416974,справедливая россия,м,33,0
6.7065547419182,самовыдвижение,м,38,0
2.34441602728048,самовыдвижение,м,48,0
6.24267782426778,едро,м,65,0
9.20704443836116,едро,м,68,0
7.84448413243577,яблоко,ж,29,0
1.74567130286687,самовыдвижение,ж,37,0
8.02319961333978,едро,ж,33,0
9.74040381628578,справедливая россия,ж,62,0
9.60163432073544,самовыдвижение,ж,68,0
8.88794515561488,едро,ж,44,0
4.86591967770364,самовыдвижение,м,55,0
0.362454693163355,самовыдвижение,м,26,0
1.36247516321317,самовыдвижение,м,48,0
0.958037938302357,самовыдвижение,м,52,0
9.23016496465043,едро,м,35,0
8.51120597652081,самовыдвижение,м,39,0
19.0388170055453,едро,ж,31,0
12.7091717856386,едро,м,42,0
4.28068893051304,яблоко,м,37,0
5.44396256562429,самовыдвижение,м,37,0
10.646479211728,справедливая россия,ж,34,0
8.01667312911981,яблоко,м,28,0
4.95908346972177,лдпр,ж,50,0
2.41848412869791,лдпр,м,28,0
6.74094707520891,едро,ж,41,0
6.92026462395543,справедливая россия,м,61,0
3.19267073847862,самовыдвижение,м,35,0
5.27831094049904,едро,м,66,0
4.09426178272284,яблоко,м,49,0
3.23023007770837,кпрф,м,20,0
1.68736071314868,лдпр,м,23,0
15.4175894834607,едро,м,36,0
7.11111111111111,едро,ж,44,0
0.64507635597683,лдпр,м,59,0
9.58498793116873,едро,ж,62,0
4.18906394810009,самовыдвижение,м,46,0
16.1410018552876,самовыдвижение,ж,37,0
4.22077922077922,самовыдвижение,м,44,0
10.7563777413099,едро,м,55,0
16.9078061911171,едро,ж,30,0
10.6269113149847,кпрф,м,57,0
3.975804234259,самовыдвижение,м,57,0
10.6276412584129,едро,ж,59,0
2.45987438939288,лдпр,м,30,0
5.48851693265862,справедливая россия,ж,41,0
16.577221228384,едро,м,65,0
8.22402083914783,самовыдвижение,ж,37,0
1.72090112640801,самовыдвижение,м,32,0
11.3044599123485,едро,ж,57,0
2.54225352112676,едро,м,37,1
4.0799856527977,едро,м,44,0
3.42853805268384,яблоко,ж,26,0
11.2888198757764,едро,м,37,0
6.80173661360347,едро,ж,47,0
3.31978319783198,самовыдвижение,м,19,0
7.96763149704326,едро,ж,64,0
4.44987775061125,самовыдвижение,ж,45,0
7.00821652972451,едро,м,33,0
5.85727525486562,едро,ж,44,0
5.6692242114237,едро,ж,53,0
4.31388475249312,самовыдвижение,ж,34,0
8.61861137897782,едро,ж,45,0
4.01369863013699,яблоко,м,35,0
6.52146544126904,яблоко,м,40,0
1.68820456420126,лдпр,ж,29,0
1.48693066207544,самовыдвижение,ж,62,0
8.77030162412993,справедливая россия,ж,59,0
8.00330342730583,яблоко,ж,50,0
8.45536136041568,самовыдвижение,м,53,0
10.0493755445832,яблоко,м,30,0
6.1270196768517,едро,ж,30,0
0.869845360824742,лдпр,ж,35,0
9.61447380884721,самовыдвижение,ж,38,0
1.89223861449647,самовыдвижение,м,27,0
8.47847991938966,яблоко,ж,36,0
28.7450840185913,едро,м,63,0
12.5339015885316,едро,ж,54,0
4.90305051253551,лдпр,ж,58,0
2.68862219741371,лдпр,ж,36,0
2.56863059881201,самовыдвижение,м,24,0
8.35696058973632,кпрф,ж,48,0
4.49164910004865,кпрф,м,46,0
12.3343907445419,едро,ж,69,0
2.76760563380282,самовыдвижение,ж,32,0
12.8326996197719,самовыдвижение,м,36,0
8.03331790837575,кпрф,м,46,0
8.93631590960968,едро,м,35,0
1.79553542542866,едро,ж,56,0
6.93570661347246,яблоко,м,30,0
7.9108635097493,едро,ж,62,0
1.87517184492714,лдпр,м,29,0
9.66921119592875,едро,ж,51,0
24.8212321232123,едро,м,48,0
4.34058984088942,лдпр,м,37,0
5.73955165033232,едро,ж,51,0
3.79277174659887,самовыдвижение,ж,30,0
6.73953862660944,кпрф,ж,43,0
4.48822681403172,кпрф,м,53,0
1.31037635227792,самовыдвижение,ж,21,0
7.70040176009183,едро,м,57,0
11.1579806776432,самовыдвижение,м,26,0
6.32752992383025,едро,ж,58,0
2.18375930119702,едро,м,29,0
3.81546999653139,справедливая россия,м,38,0
8.37612077553836,яблоко,ж,54,0
8.19115936409461,едро,м,64,0
11.5166434763994,кпрф,м,26,0
8.02308009341943,самовыдвижение,м,42,0
3.57736041906222,едро,ж,23,0
3.5741935483871,самовыдвижение,м,37,0
8.65903692507018,едро,ж,29,0
4.54943132108486,самовыдвижение,м,44,0
7.30932203389831,едро,м,36,0
5.18368722615436,самовыдвижение,м,28,0
7.02251613919068,самовыдвижение,ж,33,0
5.04516129032258,едро,м,24,0
8.4171322160149,самовыдвижение,ж,54,0
6.83323299217339,самовыдвижение,м,35,0
4.95249961065255,самовыдвижение,м,45,0
4.06108989934051,кпрф,м,55,0
5.70650275895788,яблоко,м,28,0
10.4153555695406,едро,ж,34,0
1.3985391056476,кпрф,м,22,0
5.69484505583906,яблоко,м,26,0
0.266808964781217,самовыдвижение,ж,24,0
7.32430143945809,едро,ж,46,0
9.77826245001818,едро,м,33,0
3.60557224801967,самовыдвижение,м,36,0
2.92591150901778,самовыдвижение,м,37,0
3.68810355455106,лдпр,ж,23,0
26.9066792989105,едро,м,52,0
3.83187772925764,самовыдвижение,м,60,0
17.9684338324565,едро,ж,67,0
14.0529085062847,едро,ж,38,0
6.55103211009174,самовыдвижение,м,45,0
1.73922676415199,самовыдвижение,м,34,0
11.0132158590308,едро,м,38,0
4.41133508618171,едро,м,62,0
6.76156583629893,кпрф,м,40,0
2.91475135812787,самовыдвижение,ж,35,0
4.76512335248395,справедливая россия,м,32,0
2.43446858850632,самовыдвижение,м,54,0
2.73652365236524,едро,м,32,0
4.81178396072013,самовыдвижение,м,64,0
4.44150008641051,яблоко,м,35,0
1.98163363943934,самовыдвижение,ж,34,0
5.4735758407687,едро,м,53,0
7.96153846153846,самовыдвижение,м,32,0
10.8289143176109,едро,м,27,0
7.32791327913279,едро,м,48,0
7.11849957374254,едро,ж,54,0
3.00828697922579,самовыдвижение,м,36,0
3.84394171779141,яблоко,м,30,0
6.54427006218537,едро,м,74,0
5.81761006289308,едро,м,63,0
3.64980916030534,едро,ж,58,0
8.13679245283019,самовыдвижение,м,60,0
6.77490774907749,справедливая россия,ж,39,0
9.5120534417659,самовыдвижение,м,61,0
9.72845841351294,едро,ж,51,0
2.86944740152908,яблоко,ж,27,0
7.74036792780285,самовыдвижение,м,52,0
13.0374920567676,едро,ж,69,0
5.75707154742097,самовыдвижение,м,36,0
4.6625626994984,лдпр,м,34,0
7.53414147613933,яблоко,м,33,0
13.7105751391466,едро,ж,47,0
5.66218809980806,едро,ж,55,0
1.81171142025235,справедливая россия,ж,47,0
16.9109760457633,едро,ж,36,0
1.84517960476034,самовыдвижение,м,39,1
9.67625899280576,едро,ж,30,0
0.997683947977908,самовыдвижение,м,25,0
18.3827723901882,едро,ж,38,0
3.39288512772293,самовыдвижение,м,64,0
8.19393252055571,едро,м,45,0
11.5044247787611,самовыдвижение,м,39,0
5.35916383729445,самовыдвижение,м,24,0
1.4876180295742,самовыдвижение,м,24,0
6.15572146884047,яблоко,м,62,0
2.81905290931815,самовыдвижение,м,35,0
3.84078785391875,яблоко,м,20,0
3.96414710774349,самовыдвижение,м,36,0
5.14211325667173,кпрф,ж,60,0
5.19501026369809,справедливая россия,м,19,0
1.66821130676552,лдпр,ж,40,0
2.94117647058824,самовыдвижение,ж,31,0
3.90529323717513,лдпр,ж,52,0
3.56726849155504,лдпр,м,41,0
3.34558357622608,лдпр,м,31,0
3.02087960906264,справедливая россия,м,24,0
3.84022424667134,кпрф,м,31,0
2.78095238095238,лдпр,м,32,0
8.25838103025348,едро,ж,49,0
2.20690339218409,самовыдвижение,ж,50,0
25.9290540540541,самовыдвижение,ж,72,0
13.0960051546392,едро,м,59,0
4.02636736148227,самовыдвижение,ж,60,0
2.22821458983821,самовыдвижение,м,56,0
4.1564011314901,яблоко,ж,47,0
7.01585776069197,едро,ж,65,0
8.41779579643657,едро,м,46,0
1.30982367758186,самовыдвижение,м,22,0
1.27382861215037,кпрф,м,22,0
3.54263737889209,самовыдвижение,м,42,0
6.27172546409289,справедливая россия,м,34,0
2.52367977163617,лдпр,м,34,0
2.08701236153476,лдпр,ж,25,0
1.23802849801448,самовыдвижение,м,29,0
5.42575573026243,лдпр,м,56,0
3.48003101977511,кпрф,м,41,0
6.89798032107716,справедливая россия,м,33,0
22.0462850182704,самовыдвижение,ж,53,0
5.73527113611502,справедливая россия,ж,36,0
3.4704255508966,самовыдвижение,м,56,0
9.49459538416594,самовыдвижение,м,47,0
3.28618063112078,кпрф,м,46,0
9.30122197176415,кпрф,м,42,0
2.05575455536521,самовыдвижение,м,53,0
7.7463798678476,самовыдвижение,м,56,0
4.92977528089888,кпрф,м,55,0
6.91467397424828,яблоко,ж,31,0
7.62374359946899,справедливая россия,ж,38,0
2.39110287303058,яблоко,ж,53,0
7.22149654786341,самовыдвижение,ж,40,0
4.00370713623726,кпрф,м,72,0
7.82747603833866,справедливая россия,м,42,0
6.45312353657394,самовыдвижение,ж,32,0
7.58095238095238,едро,м,45,0
1.71900068760028,справедливая россия,ж,27,0
9.31076178960097,кпрф,м,57,0
2.17285552132317,кпрф,м,35,0
5.55905710323963,лдпр,м,34,0
5.05437597099948,едро,м,26,0
17.991927346115,едро,м,68,0
0.66747572815534,самовыдвижение,ж,43,0
3.60725504103759,справедливая россия,м,32,0
8.991462113127,самовыдвижение,ж,28,0
6.43672265675086,едро,м,41,0
6.33029665965896,едро,ж,47,0
3.77233984052791,едро,ж,46,0
2.27096488312839,самовыдвижение,ж,65,0
2.33562629979203,самовыдвижение,м,44,0
1.13824340291453,самовыдвижение,ж,25,0
9.00572969329289,лдпр,м,31,0
15.6844547563805,едро,ж,61,0
11.4942528735632,справедливая россия,м,32,0
0.931098696461825,лдпр,м,20,0
15.5907429963459,справедливая россия,м,39,0
1.42307692307692,самовыдвижение,м,51,0
4.24186805343122,едро,ж,30,0
3.90686044694483,самовыдвижение,ж,47,0
9.35748167313497,едро,ж,67,0
2.78565352991211,лдпр,ж,35,0
1.78973105134474,лдпр,м,24,0
8.52777777777778,самовыдвижение,ж,69,0
8.44573301399219,едро,м,31,0
4.03155603917301,яблоко,м,19,0
1.95541436161472,лдпр,м,35,0
4.15868148715983,справедливая россия,м,31,0
7.33143785540211,едро,м,52,0
1.74023452087535,самовыдвижение,м,52,0
9.80909829406986,едро,м,36,0
18.1752787435559,едро,м,21,0
0.969962453066333,лдпр,м,26,0
4.65011286681716,справедливая россия,м,44,0
2.52254308868851,лдпр,м,70,0
3.52715040845747,самовыдвижение,м,32,0
12.9981932192582,самовыдвижение,м,48,0
3.5,едро,м,41,0
2.88295744534106,едро,м,34,0
9.5528207627635,едро,ж,39,0
7.55046583850932,справедливая россия,м,63,0
3.5664226755957,справедливая россия,м,34,0
8.19559228650138,самовыдвижение,м,44,0
2.61149356480096,лдпр,м,59,0
5.38591169531513,едро,м,39,0
17.4115123346443,едро,ж,21,0
3.36096795877213,кпрф,м,30,0
10.5796395518753,едро,м,31,0
13.0388617540879,едро,ж,55,0
1.53141774550047,самовыдвижение,м,45,0
5.64145424153782,кпрф,м,26,0
5.45274289491077,самовыдвижение,ж,30,0
4.09438974839819,едро,ж,63,0
14.1767818238406,едро,м,44,0
19.5300323702194,лдпр,м,41,0
4.90465993677985,самовыдвижение,м,30,0
6.70896993592903,едро,ж,47,0
3.12111341427302,самовыдвижение,м,19,0
7.67263427109974,самовыдвижение,ж,35,0
12.0397034495435,едро,м,46,0
16.9768570966176,самовыдвижение,ж,65,0
14.8487826181898,едро,ж,56,0
0.88204318062138,лдпр,м,53,0
9.29905490549055,едро,ж,49,0
6.33627300613497,яблоко,м,37,0
8.84403136799303,яблоко,м,24,0
4.4952380952381,справедливая россия,м,24,0
10.5125218404193,едро,м,54,0
1.87371844728841,самовыдвижение,м,42,0
6.67611517231091,яблоко,м,33,0
18.7861711848919,едро,м,22,0
15.1684816108486,едро,ж,51,0
5.91805766312595,яблоко,м,39,0
18.6513350224128,едро,м,47,0
2.70744779153576,лдпр,м,43,0
4.97316636851521,кпрф,м,23,0
3.47251511317306,самовыдвижение,ж,35,0
9.26449098879688,лдпр,м,38,0
3.60501567398119,лдпр,м,30,0
2.28632806506061,лдпр,ж,53,0
11.3748129142613,едро,ж,44,0
1.3141268637857,лдпр,м,52,0
6.35211267605634,кпрф,м,34,0
4.5699860724234,яблоко,м,24,0
15.0165597914171,едро,ж,59,0
7.59681855348249,справедливая россия,м,53,0
12.4737210932025,едро,ж,45,0
4.9871224537579,самовыдвижение,ж,72,0
1.88640766799225,лдпр,м,51,0
3.93975903614458,лдпр,м,71,0
13.324429833573,едро,м,32,0
9.07980704646761,справедливая россия,ж,46,0
1.79403248143019,кпрф,м,24,0
2.67870579382995,самовыдвижение,м,32,0
3.74188621611302,едро,м,43,0
6.85641627543036,справедливая россия,м,58,0
2.27660159472092,кпрф,м,30,0
1.0123033795359,самовыдвижение,м,51,0
5.74389980565753,едро,ж,36,0
4.7970479704797,едро,ж,63,0
7.06893365366845,справедливая россия,м,41,0
5.13723459347488,справедливая россия,м,47,0
12.3352895581885,едро,м,39,0
5.65700789215969,едро,ж,57,0
8.45125786163522,самовыдвижение,м,51,0
8.35464620630861,едро,ж,49,0
16.8853394181403,едро,м,23,0
12.6613006260381,едро,м,64,0
5.55803372290124,едро,м,29,0
4.94393859583114,лдпр,м,49,0
15.9184663916525,едро,ж,55,0
0.857787810383747,лдпр,ж,39,0
0.78767722737616,самовыдвижение,ж,22,0
16.2456583517524,самовыдвижение,м,38,0
7.23208415516108,справедливая россия,м,39,0
7.49051490514905,самовыдвижение,м,32,0
5.66443594646272,едро,м,35,0
5.21632937892533,кпрф,м,51,0
4.38283228361795,едро,м,68,0
13.9698736637512,справедливая россия,м,21,0
0.835654596100279,едро,ж,65,0
5.14040202547184,справедливая россия,ж,35,0
3.81263616557734,кпрф,ж,59,0
7.68670751683553,едро,ж,57,0
2.08195637805684,самовыдвижение,м,23,0
4.39798125450613,самовыдвижение,м,27,0
1.08352144469526,лдпр,м,47,0
5.54134697357204,едро,м,40,0
16.5607408752497,едро,м,55,0
8.50602409638554,едро,м,47,0
8.98230895495167,едро,м,70,0
5.05844031423644,едро,м,63,0
5.05675296518301,яблоко,м,38,0
4.49614271938284,справедливая россия,ж,53,0
1.88387459581049,лдпр,ж,50,0
2.94444444444444,едро,м,66,0
5.51599532362632,самовыдвижение,м,45,0
3.23675871435039,самовыдвижение,м,34,0
3.6938202247191,едро,м,34,0
14.8543340127083,едро,м,36,0
7.21450007897646,справедливая россия,м,36,0
1.72701949860724,едро,м,48,0
4.43983402489627,справедливая россия,ж,37,0
3.05901152836434,кпрф,м,32,0
10.5615662029881,едро,м,42,0
1.75517215624767,самовыдвижение,м,36,0
1.094919259551,самовыдвижение,м,44,0
4.96427917200953,лдпр,м,42,0
9.80838943552564,едро,ж,57,0
7.053703399573,едро,ж,58,0
4.5369211514393,самовыдвижение,м,29,0
2.05166051660517,яблоко,м,34,0
12.6596092982648,справедливая россия,ж,55,0
5.97260273972603,самовыдвижение,ж,63,0
2.28451882845188,самовыдвижение,м,63,0
2.94414960828911,самовыдвижение,ж,33,0
1.55878153260352,яблоко,м,18,0
4.90749756572541,справедливая россия,ж,34,0
1.43214900610424,самовыдвижение,ж,38,0
1.68578787169281,лдпр,ж,40,0
13.5011828320379,едро,м,34,0
5.66847335140018,едро,м,34,0
5.39072294191392,справедливая россия,м,42,0
8.43886462882096,едро,м,48,0
8.37150529142316,кпрф,м,32,0
1.99602122015915,самовыдвижение,м,28,0
2.60157848582286,самовыдвижение,ж,24,0
1.04283054003724,самовыдвижение,м,32,0
12.8326996197719,справедливая россия,ж,49,0
6.58385093167702,едро,м,46,0
10.894495412844,едро,ж,29,0
3.48802837718002,лдпр,м,53,0
7.66299745977985,едро,м,38,0
1.93933927162025,лдпр,ж,50,0
2.90259559028747,кпрф,м,49,0
4.511936007999,яблоко,м,26,0
5.32387806943268,едро,м,40,0
8.04430724532413,едро,ж,71,0
0.080042689434365,самовыдвижение,м,19,0
1.32166458296124,самовыдвижение,м,60,0
9.32997481108312,едро,м,56,0
3.34587055320483,справедливая россия,м,31,0
2.99560794324111,лдпр,м,37,0
8.7431693989071,едро,ж,62,0
1.53498871331828,самовыдвижение,м,39,0
6.66180909753305,едро,ж,37,0
4.65703342618384,кпрф,м,35,0
3.45169609204523,лдпр,ж,41,0
3.49730178497302,едро,м,57,0
1.27232403408428,лдпр,м,37,0
5.46448087431694,едро,м,52,0
1.59558332827762,самовыдвижение,м,42,0
5.36079462459831,самовыдвижение,м,33,0
11.6448326055313,справедливая россия,м,56,0
15.266106442577,самовыдвижение,м,82,0
1.55656559367412,самовыдвижение,м,32,0
2.78586899693778,кпрф,ж,31,0
7.99672265464973,справедливая россия,м,36,0
16.024031563845,едро,ж,33,0
1.68383737675861,самовыдвижение,м,36,0
4.57633178405434,самовыдвижение,ж,23,0
12.965951886865,едро,ж,65,0
5.28130850330082,самовыдвижение,м,35,0
2.64065425165041,справедливая россия,ж,35,0
6.76655389076849,едро,м,37,0
6.15057249974668,самовыдвижение,ж,34,0
16.9760400210637,едро,м,34,0
3.53705786776653,самовыдвижение,м,45,0
4.65808911126996,едро,м,57,0
2.75395663389807,самовыдвижение,м,57,0
9.92578849721707,едро,м,67,0
5.64419529490681,едро,м,40,0
5.34362259755387,справедливая россия,м,21,0
11.1450248539287,едро,ж,37,0
8.15277777777778,самовыдвижение,ж,63,0
7.71449170872386,справедливая россия,ж,25,0
6.05089538171536,самовыдвижение,м,34,0
6.24199528142905,самовыдвижение,м,24,0
1.44438191708873,справедливая россия,м,29,0
8.95140664961637,едро,м,51,0
7.88674599917932,едро,м,41,0
3.43174846625767,самовыдвижение,м,38,0
10.8698639549265,едро,ж,61,0
1.42623681473778,самовыдвижение,м,33,0
8.8646288209607,едро,м,48,0
2.06308272168221,самовыдвижение,м,36,0
0.355871886120996,справедливая россия,ж,58,0
0.826503681066815,самовыдвижение,м,59,1
7.29994455738311,едро,м,56,0
19.5560550716493,едро,м,69,0
1.60142348754448,самовыдвижение,м,31,0
15.6639823148587,едро,м,52,0
3.0027386541471,самовыдвижение,м,44,0
4.69237312163312,яблоко,ж,21,0
4.1701244813278,справедливая россия,м,40,0
10.4549967875708,самовыдвижение,ж,31,0
5.6815578465063,самовыдвижение,м,40,0
4.66279444982252,едро,м,44,0
7.92412547216292,едро,ж,58,0
10.9693219902037,едро,м,74,0
4.33188173275269,самовыдвижение,м,36,0
3.09149578432393,справедливая россия,м,51,0
6.96242500789391,самовыдвижение,ж,47,0
2.70650813516896,едро,м,34,0
18.5676666494553,едро,м,57,0
6.97959638755714,яблоко,м,39,0
4.86661860129776,кпрф,м,20,0
3.66984126984127,самовыдвижение,м,39,0
17.3551218036012,едро,ж,59,0
2.66410912190963,лдпр,м,43,0
3.9835635201461,самовыдвижение,м,44,0
6.59742038580071,едро,м,68,0
14.4898856640281,едро,ж,79,0
1.51417525773196,кпрф,м,58,0
9.90792909165865,едро,ж,46,0
1.03140041256017,кпрф,м,18,0
8.43886462882096,справедливая россия,ж,53,0
1.02110702945022,самовыдвижение,ж,39,0
8.12182741116751,кпрф,м,37,0
3.37148641283189,справедливая россия,м,36,0
3.70620705193196,справедливая россия,ж,35,0
5.42356377799416,едро,ж,54,0
0.500625782227785,самовыдвижение,м,57,0
4.55848623853211,лдпр,ж,20,0
3.22633341501266,самовыдвижение,м,41,0
3.74549443660868,кпрф,м,32,0
1.95729537366548,едро,м,32,0
3.49718975822999,самовыдвижение,ж,42,0
6.62119920431941,справедливая россия,ж,32,0
14.9347510874819,едро,ж,52,0
6.36423405654175,самовыдвижение,м,43,0
3.10366232153942,самовыдвижение,ж,41,0
0.827466963072743,самовыдвижение,м,29,0
2.72622762358351,самовыдвижение,ж,47,0
12.008547008547,самовыдвижение,м,40,1
0.721539283805452,лдпр,ж,19,0
2.01441508039179,лдпр,ж,21,0
3.49804720665648,яблоко,м,45,0
5.13690331960262,самовыдвижение,ж,54,0
9.57014231774615,самовыдвижение,м,46,0
6.37134778510839,яблоко,ж,32,0
8.16507936507937,едро,м,39,0
14.2503097893432,лдпр,м,40,0
8.68710691823899,самовыдвижение,м,55,0
6.28285677650981,едро,м,53,0
11.3292011019284,справедливая россия,ж,53,0
5.32585844428872,яблоко,м,48,0
2.77623542476402,самовыдвижение,м,42,1
19.0826605701222,едро,м,67,0
3.72216165706276,кпрф,ж,33,0
2.09630552096306,самовыдвижение,м,41,0
0.167130919220056,кпрф,м,57,0
2.54213483146067,кпрф,м,55,0
0.222841225626741,самовыдвижение,м,24,0
16.1561362884552,едро,ж,60,0
1.48504496967162,едро,м,40,0
8.55057351407716,кпрф,ж,29,0
5.6383222553289,едро,м,37,0
3.38608434267527,самовыдвижение,м,41,0
13.7284778302606,едро,ж,31,0
6.58894556052878,едро,м,74,0
16.6410650281618,едро,ж,49,0
14.8143654452803,едро,м,57,0
0.720384204909285,самовыдвижение,ж,24,0
11.2593420409304,едро,ж,66,0
4.45798588838999,самовыдвижение,м,43,0
3.41020389991986,яблоко,м,25,0
6.13502411144847,самовыдвижение,ж,56,0
2.66095388431616,самовыдвижение,м,34,0
4.61147421931736,самовыдвижение,м,38,0
9.30062545690846,справедливая россия,м,38,0
4.78760445682451,кпрф,м,41,0
6.98217937481741,яблоко,м,33,0
2.67724775442574,самовыдвижение,м,56,0
0.815640371085237,самовыдвижение,ж,30,0
4.96659889631136,самовыдвижение,м,50,0
7.14984350547731,кпрф,м,30,0
10.5923159018143,едро,ж,56,0
6.28617220194106,самовыдвижение,м,35,0
8.09785700739617,едро,м,65,0
9.25827107790822,самовыдвижение,м,52,0
7.38458528951487,едро,ж,58,0
6.77774183112261,кпрф,м,39,0
3.89307677048205,самовыдвижение,м,49,0
5.12851023322227,едро,ж,47,0
2.8248306098047,самовыдвижение,м,32,0
6.16410395972241,едро,м,45,0
9.82806198259393,едро,м,53,0
1.55988857938719,самовыдвижение,м,49,0
1.31384463787157,лдпр,м,47,0
2.66796494644596,лдпр,ж,40,0
9.75609756097561,едро,ж,62,0
2.28412256267409,самовыдвижение,м,59,0
5.62656927642091,кпрф,м,35,0
11.5906288532676,едро,м,24,0
10.6967741935484,едро,м,33,0
6.23219373219373,самовыдвижение,ж,58,0
14.3516953925876,самовыдвижение,м,30,0
7.9840848806366,справедливая россия,м,41,0
9.38667973776117,едро,м,27,0
3.06376266456349,самовыдвижение,ж,22,0
6.03956325094796,самовыдвижение,м,35,0
6.57862854373637,самовыдвижение,м,40,0
1.82736591888278,самовыдвижение,м,32,0
16.0853432282004,едро,ж,55,0
11.628388164701,едро,ж,54,0
8.39868685026445,едро,м,58,0
3.89492204089061,лдпр,ж,43,0
7.69323964138599,кпрф,м,30,0
2.66137504377262,кпрф,ж,49,0
9.29437812860993,самовыдвижение,м,37,0
2.20574606116775,самовыдвижение,ж,23,0
5.93661971830986,кпрф,м,56,0
2.25127087872186,кпрф,м,54,0
7.86643120886178,едро,м,38,0
2.13517418526248,самовыдвижение,м,51,0
8.11924119241193,справедливая россия,м,45,0
4.16190780757458,едро,м,79,0
0.809779646500039,лдпр,м,33,0
7.24206349206349,самовыдвижение,ж,68,0
4.2919833030076,лдпр,м,30,0
3.65060991897427,кпрф,ж,31,0
6.529122092036,справедливая россия,м,63,0
7.83071829566719,яблоко,м,25,0
2.41046831955923,самовыдвижение,м,56,0
18.1902452937821,едро,ж,50,0
8.48476278017394,едро,м,41,0
3.14797360980207,самовыдвижение,ж,37,0
15.3346855983773,кпрф,ж,39,0
7.64097299004897,яблоко,м,31,0
5.94979079497908,справедливая россия,м,40,1
8.07830783078308,яблоко,ж,46,0
1.92983466789562,справедливая россия,м,49,0
0.186766275346852,самовыдвижение,ж,18,0
14.8044352382113,едро,ж,66,0
2.16940199962271,лдпр,м,45,0
2.66418835192069,лдпр,ж,55,0
13.4981968057702,самовыдвижение,м,57,0
1.19956379498364,самовыдвижение,м,20,0
0.399950006249219,самовыдвижение,ж,31,0
3.702310181353,едро,м,60,0
5.19672701949861,самовыдвижение,м,45,0
6.72833495618306,едро,м,57,0
5.23116301391777,справедливая россия,м,37,0
3.77746026076085,самовыдвижение,м,35,0
3.00777289624873,лдпр,ж,31,0
10.2033405954975,едро,м,45,0
5.3030303030303,справедливая россия,м,48,0
13.1222198686719,лдпр,м,49,0
2.97142857142857,самовыдвижение,ж,41,0
9.27874497799885,самовыдвижение,м,50,0
1.0962783171521,самовыдвижение,м,44,0
1.2881679389313,кпрф,м,43,0
3.94126738794436,лдпр,м,24,0
21.9233213302266,самовыдвижение,ж,34,0
4.47987851176917,кпрф,м,41,0
2.08491281273692,самовыдвижение,м,28,0
5.91450595655221,справедливая россия,м,41,0
0.755805963996152,самовыдвижение,м,26,0
7.37430167597765,самовыдвижение,ж,48,0
5.22527709802793,кпрф,м,63,0
8.71436770614119,самовыдвижение,м,40,0
6.3200498132005,самовыдвижение,м,36,0
2.77207392197125,самовыдвижение,м,35,0
4.33094248252547,едро,ж,34,0
8.40845070422535,кпрф,м,44,0
4.07523510971787,лдпр,ж,33,0
10.258982308955,едро,м,33,0
6.63412469491901,лдпр,ж,33,0
9.59821428571429,едро,м,59,0
3.9349593495935,самовыдвижение,м,28,0
0.346851654215582,самовыдвижение,ж,35,0
30.4289544235925,едро,ж,73,0
8.95618556701031,едро,ж,55,0
1.62753468516542,самовыдвижение,м,34,0
10.6211827796812,едро,ж,52,0
4.73145780051151,самовыдвижение,ж,34,0
14.404181184669,едро,ж,58,0
3.74647887323944,самовыдвижение,ж,33,0
13.8847701758102,едро,ж,45,0
18.5736677115987,едро,м,68,0
9.42175001526531,едро,ж,61,0
13.6480556816462,самовыдвижение,ж,34,0
1.74720831728918,самовыдвижение,ж,35,1
2.6992010364932,самовыдвижение,ж,21,0
8.24742268041237,едро,ж,60,0
2.35122425814821,лдпр,м,42,0
2.11036294958121,лдпр,м,33,0
1.99811941701928,самовыдвижение,м,25,0
5.08496230995273,лдпр,ж,58,0
8.74335106382979,едро,м,56,0
5.54134697357204,самовыдвижение,ж,37,0
3.9870016247969,едро,м,53,0
9.94906080865966,едро,м,37,0
2.62527108777537,кпрф,м,50,0
4.00218210672486,самовыдвижение,м,31,0
3.33797909407665,справедливая россия,м,24,0
1.11624662073777,самовыдвижение,м,56,0
0.632170451884805,лдпр,м,42,1
5.23116301391777,справедливая россия,м,34,0
2.48886374885102,справедливая россия,м,41,0
7.40993184031159,яблоко,ж,27,0
9.26240332012828,едро,м,54,0
3.51807228915663,лдпр,ж,23,0
5.36328214531286,самовыдвижение,ж,51,0
1.33899676375405,самовыдвижение,м,31,0
0.166574125485841,самовыдвижение,м,39,0
5.65208707809067,кпрф,м,32,0
5.68857191373748,справедливая россия,ж,53,0
7.53242694170964,едро,м,41,0
2.96659658958187,самовыдвижение,м,25,0
0.462442194725659,лдпр,м,59,0
1.17007939824488,лдпр,м,29,0
4.6265697290152,яблоко,м,22,0
0.92790863668808,самовыдвижение,м,33,0
3.34054313866859,самовыдвижение,ж,31,0
11.3636363636364,кпрф,ж,34,0
2.91780821917808,кпрф,м,43,0
0.888494002665482,едро,ж,44,0
6.69777242624925,самовыдвижение,ж,32,0
6.48259303721489,самовыдвижение,ж,79,0
3.68469535465193,самовыдвижение,ж,34,0
0.880469583778015,самовыдвижение,м,50,0
11.7375126846319,самовыдвижение,м,39,0
2.88698393930437,самовыдвижение,м,33,0
6.5862802715574,самовыдвижение,м,60,0
2.84035259549461,кпрф,ж,37,0
1.87734668335419,самовыдвижение,м,34,0
11.5865282779072,едро,ж,55,0
0.737407824021997,самовыдвижение,ж,34,0
5.76868428530833,справедливая россия,м,35,0
4.54794520547945,справедливая россия,м,54,0
13.326814276734,едро,ж,59,0
1.83041301627034,самовыдвижение,ж,57,0
10.273932597395,едро,ж,52,0
5.20602311194117,яблоко,м,27,0
6.60245849702192,едро,м,44,0
14.7338403041825,самовыдвижение,ж,25,0
14.2995637421231,едро,ж,51,0
4.51127819548872,едро,ж,38,0
1.87553282182438,лдпр,м,38,0
5.2195655571183,яблоко,м,42,0
6.6360823642377,самовыдвижение,м,52,0
4.56098201884455,самовыдвижение,м,30,0
4.16933932007697,справедливая россия,м,74,0
7.02433628318584,едро,м,49,0
4.06234912752604,самовыдвижение,м,58,0
0.927708734465255,самовыдвижение,м,30,0
2.43282498184459,кпрф,м,54,0
8.84084341218024,едро,м,35,0
3.74131480491716,кпрф,м,29,0
4.48548812664908,справедливая россия,м,33,0
2.005645520725,самовыдвижение,ж,43,0
15.6340755082285,едро,м,60,0
7.19931376753875,самовыдвижение,ж,40,0
8.04556354916067,кпрф,ж,25,0
1.55666251556663,самовыдвижение,м,55,0
5.83041345480028,яблоко,ж,39,0
18.215047212915,едро,м,27,0
32.2015334063527,самовыдвижение,м,32,0
7.22466017339184,справедливая россия,м,60,0
2.74293871724279,самовыдвижение,ж,30,0
9.99759673155491,едро,м,62,0
0.346851654215582,самовыдвижение,ж,25,0
4.70815243608297,справедливая россия,м,48,0
10.096867708407,едро,ж,50,0
2.25659948907181,самовыдвижение,м,50,0
3.67313915857605,самовыдвижение,м,36,0
1.79996603837663,лдпр,м,39,0
4.25831750505484,лдпр,ж,46,0
7.25279592514672,кпрф,м,32,0
0.757575757575758,едро,м,56,0
9.45448728203488,самовыдвижение,ж,31,0
5.62330623306233,самовыдвижение,ж,61,0
4.73096215230278,едро,м,40,0
1.478051820853,самовыдвижение,ж,34,0
9.05689194348988,кпрф,ж,50,0
5.372377219276,лдпр,м,24,0
4.19600938967136,кпрф,ж,45,0
3.53521257791422,справедливая россия,м,50,0
12.7891802111757,едро,ж,58,0
17.5471063257066,едро,ж,47,0
4.30399379604498,самовыдвижение,ж,51,0
5,самовыдвижение,ж,59,0
8.22541966426859,самовыдвижение,м,40,0
2.91440574129179,едро,ж,54,0
1.71931641636458,самовыдвижение,ж,24,0
16.4818332210036,едро,ж,59,0
1.59125766871166,самовыдвижение,м,63,0
4.28467683369644,самовыдвижение,ж,24,0
2.87506029908345,лдпр,м,24,0
17.1377840909091,едро,м,54,0
18.7272727272727,едро,ж,39,0
3.25883714718191,едро,ж,26,0
5.17849730178497,едро,м,46,0
4.83809523809524,самовыдвижение,м,39,0
4.79452054794521,справедливая россия,м,27,0
12.590405904059,едро,м,66,0
4.88783241717427,едро,м,44,0
4.82619722512308,лдпр,м,27,0
3.11653897113889,самовыдвижение,м,57,0
3.51348196568227,справедливая россия,ж,42,0
3.49033923960467,яблоко,м,22,0
1.4133615590561,лдпр,м,31,0
1.03302551259978,самовыдвижение,ж,34,0
2.89156626506024,лдпр,м,58,0
10.0616399975095,справедливая россия,ж,51,0
3.97222222222222,яблоко,ж,33,0
6.97441500500774,едро,ж,43,0
8.64760168622536,едро,м,48,0
5.21711635750422,самовыдвижение,м,70,0
1.13636363636364,самовыдвижение,ж,60,0
5.2924791086351,едро,м,25,0
4.13659078289839,самовыдвижение,ж,31,0
7.04327621260529,самовыдвижение,м,44,0
3.2857870606215,кпрф,м,85,0
7.20415537488708,едро,ж,58,0
2.30179028132992,кпрф,м,53,0
5.51060042078006,самовыдвижение,м,60,1
0.11142061281337,кпрф,ж,74,0
2.08689458689459,самовыдвижение,м,38,0
4.88777486612738,самовыдвижение,ж,70,0
5.82918066983428,справедливая россия,м,36,0
3.81766381766382,едро,м,52,0
19.1094619666048,самовыдвижение,м,26,0
2.61583696644023,самовыдвижение,ж,36,0
3.43843259374595,самовыдвижение,м,30,0
1.06749311294766,самовыдвижение,м,57,0
5.64360262852725,яблоко,м,20,0
2.24156692056583,самовыдвижение,м,42,0
10.185372430064,кпрф,м,50,0
13.3491044271713,лдпр,м,30,0
1.31801284217641,самовыдвижение,ж,18,0
5.9234608985025,самовыдвижение,ж,51,0
11.6920842411038,едро,ж,70,0
6.90631434454358,едро,ж,63,0
9.94916485112564,едро,м,37,0
5.74512534818941,яблоко,м,31,0
13.7895812053115,самовыдвижение,м,38,0
9.47884510622844,едро,м,66,0
29.4633077765608,кпрф,м,35,0
3.42278643740961,самовыдвижение,ж,33,0
8.42255531763026,едро,ж,62,0
1.66137671097005,самовыдвижение,м,33,0
8.74838709677419,едро,м,45,0
5.55862831858407,едро,м,23,0
2.59656255775273,самовыдвижение,м,29,0
2.62970014278915,яблоко,м,37,0
4.07967472246334,самовыдвижение,м,62,0
3.54144966607438,яблоко,ж,33,0
1.86855670103093,едро,м,63,0
0.271625574592562,самовыдвижение,м,27,0
13.7940585832006,едро,м,68,0
6.32899179932465,справедливая россия,ж,41,0
15.8261643429249,кпрф,м,53,0
2.47843651053608,самовыдвижение,м,28,0
7.22793719545208,едро,м,25,0
1.3396595032096,самовыдвижение,ж,39,0
0.344365792997896,самовыдвижение,м,31,0
8.78279883381924,едро,ж,52,0
12.6636455186304,самовыдвижение,м,47,0
0.538025889967638,самовыдвижение,ж,43,0
2.41630131526505,лдпр,ж,22,0
1.90617509416733,лдпр,м,59,0
10.1045296167247,едро,ж,50,0
1.84666549973744,справедливая россия,м,40,0
1.3969613541348,самовыдвижение,ж,44,0
5.91947769314472,едро,м,65,0
8.78172947748003,едро,м,35,0
8.00421274354924,едро,ж,61,0
2.76783122036195,яблоко,ж,25,0
1.11731843575419,лдпр,ж,32,0
4.02112676056338,едро,м,35,0
11.1111111111111,самовыдвижение,ж,58,0
10.4414754574499,самовыдвижение,ж,70,0
5.8898607305079,яблоко,ж,36,0
5.61339972838388,самовыдвижение,м,38,0
12.9799259403625,самовыдвижение,ж,41,0
5.21861777150917,едро,ж,31,0
10.1162315285322,едро,ж,52,0
16.7461832061069,справедливая россия,м,65,0
18.4054811585176,едро,м,60,0
9.62450218092168,едро,ж,63,0
9.531660255236,справедливая россия,м,36,0
4.06199893105291,едро,м,47,0
3.34959349593496,едро,м,25,0
1.71692046350786,самовыдвижение,м,36,0
4.50871080139373,кпрф,м,41,0
5.53864881314668,лдпр,м,28,0
0.943920044419767,самовыдвижение,м,52,1
1.95892113149624,лдпр,ж,72,0
2.3543990086741,самовыдвижение,ж,32,0
2.39748318507268,яблоко,ж,27,0
4.01760091830878,кпрф,м,30,0
9.60990111023479,едро,м,53,0
17.1851980240922,едро,м,46,0
18.4206518428267,едро,ж,32,0
3.89183725044225,яблоко,м,27,0
2.9694430754066,кпрф,м,36,0
9.65092402464066,едро,ж,38,0
10.5192307692308,едро,м,39,0
7.82486502477627,едро,м,57,0
3.91049074997231,кпрф,м,31,0
2.43931461208948,кпрф,м,26,0
2.33991553475631,самовыдвижение,м,44,0
11.0783736004714,едро,ж,48,0
14.176245210728,кпрф,м,59,0
8.49162011173184,самовыдвижение,ж,66,0
8.5401318340442,яблоко,м,29,0
7.85850455411989,самовыдвижение,ж,57,0
5.26315789473684,лдпр,м,32,0
2.5830258302583,самовыдвижение,м,35,0
8.0780487804878,самовыдвижение,ж,30,0
12.9266521423384,едро,м,59,0
12.4226871956836,едро,ж,59,0
3.59732824427481,справедливая россия,м,47,0
1.32483439570054,лдпр,м,29,0
9.80478416277152,кпрф,м,48,0
0.985560394224158,кпрф,м,27,0
7.71205180856105,справедливая россия,ж,36,0
4.86538461538461,самовыдвижение,ж,25,0
9.62181891919294,едро,ж,56,0
6.90786300048239,едро,м,42,0
12.902706185567,едро,ж,62,0
8.94583257340872,едро,м,66,0
0.599925009373828,самовыдвижение,м,44,0
9.40766550522648,самовыдвижение,м,54,0
6.06399641978071,самовыдвижение,ж,29,0
4.60400459125112,кпрф,ж,63,0
3.23956174119041,лдпр,ж,31,0
3.06719737766331,самовыдвижение,м,31,0
7.48076052512449,кпрф,м,40,0
2.67870579382995,самовыдвижение,м,37,0
0.516270337922403,самовыдвижение,м,50,0
5.14218516142827,едро,ж,68,0
2.49183895538629,лдпр,м,19,0
3.3028427452484,лдпр,м,31,0
1.04148433397514,лдпр,м,38,0
13.0525066745773,справедливая россия,м,42,0
1.29151291512915,лдпр,м,34,0
2.29454460313744,кпрф,м,38,0
6.52140555470308,яблоко,ж,30,0
3.06056469573964,яблоко,ж,32,0
2.19516871165644,едро,м,38,0
14.5664422151986,едро,ж,58,0
7.09932465821117,справедливая россия,м,31,0
2.52032520325203,лдпр,ж,37,0
3.32605172292298,самовыдвижение,м,38,1
4.58269684766005,кпрф,м,39,0
3.92062883435583,яблоко,ж,22,0
7.97250859106529,самовыдвижение,м,32,0
9.5630081300813,самовыдвижение,м,44,0
3.26049254249046,справедливая россия,м,37,0
9.40766550522648,едро,м,64,0
18.1288819875776,едро,м,39,0
8.43690248565966,едро,ж,59,0
1.07862617087709,самовыдвижение,м,37,0
10.5982905982906,едро,м,59,0
7.34278444202108,едро,м,55,0
5.50821291836483,едро,ж,61,0
1.82027208277448,самовыдвижение,ж,30,0
14.7854004731328,едро,м,32,0
4.64244821484334,едро,м,35,0
8.42696629213483,яблоко,м,31,0
0.54755944931164,самовыдвижение,ж,53,0
15.8747348946347,едро,ж,45,0
4.26506024096386,едро,ж,32,0
2.36126224156692,самовыдвижение,м,42,0
6.85131195335277,лдпр,м,40,0
4.88064791133845,едро,м,62,0
4.39524124256444,едро,ж,37,0
8.59082231492611,едро,м,32,0
7.16867469879518,едро,м,39,0
4.07825432656132,яблоко,ж,31,0
2.29088595064696,справедливая россия,ж,37,0
0.704005006257822,самовыдвижение,м,39,0
4.13949532180323,яблоко,м,23,0
3.76099914845302,самовыдвижение,м,37,0
7.46700781039591,едро,м,63,0
7.44902873655482,едро,м,37,0
8.51123595505618,яблоко,м,26,0
2.58720670889464,справедливая россия,м,26,0
6.32600561272217,едро,м,33,0
5.67909134538474,кпрф,м,46,0
5.52269472635577,справедливая россия,м,27,0
12.2021933694693,едро,м,44,0
8.74497921217673,едро,м,58,0
8.75241230559655,справедливая россия,м,48,0
5.73363431151242,едро,ж,38,0
5.41385027419972,едро,м,33,0
3.35745296671491,кпрф,м,54,0
8.55884203901825,едро,м,60,0
1.14921223354958,самовыдвижение,ж,35,0
8.42283999368188,справедливая россия,ж,50,0
1.83420888611878,самовыдвижение,м,35,0
6.3570138845651,справедливая россия,ж,41,0
10.8470099981136,едро,ж,45,0
1.5983269848383,самовыдвижение,м,44,0
0.913745569121701,лдпр,м,37,0
0.737407824021997,самовыдвижение,ж,52,0
8.91293147861927,самовыдвижение,ж,28,0
3.95897239263804,самовыдвижение,м,32,0
8.48065814808332,самовыдвижение,м,58,0
3.279073407419,яблоко,м,47,0
5.30139629923941,кпрф,м,43,0
6.35249764373233,яблоко,м,32,0
6.50438169425511,яблоко,м,22,0
7.73493975903614,справедливая россия,м,34,0
13.33669481911,едро,ж,44,0
9.54608581244061,едро,ж,30,0
15.287927506577,едро,ж,57,0
16.9827072152654,едро,м,79,0
10.367385082647,едро,м,54,0
1.50432092179665,яблоко,м,22,0
5.8383971095418,едро,м,46,0
2.29617959826703,самовыдвижение,м,23,0
2.96159687567802,самовыдвижение,м,65,0
6.95150432751752,яблоко,м,63,0
3.28990656665351,справедливая россия,м,37,0
5.65110565110565,самовыдвижение,м,59,0
12.3785228377065,едро,ж,69,0
8.40739678899082,справедливая россия,м,43,0
3.50297422339722,кпрф,м,38,0
20.2655724625292,едро,ж,38,0
1.38519330098607,лдпр,м,34,0
2.53807106598985,справедливая россия,ж,44,0
9.56763073327491,едро,ж,65,0
8.78461809843006,едро,ж,39,0
2.02474690663667,самовыдвижение,м,53,0
1.90523628665712,самовыдвижение,м,68,0
11.3576200680701,самовыдвижение,м,43,0
5.24738675958188,справедливая россия,м,33,0
2.87303058387396,самовыдвижение,ж,42,0
2.27775108121096,самовыдвижение,м,38,0
6.50163220892274,справедливая россия,м,32,0
10.4326003824092,кпрф,м,37,0
3.38722475699266,самовыдвижение,ж,46,0
6.6986301369863,самовыдвижение,ж,62,0
4.32273838630807,самовыдвижение,м,42,0
8.22611389087443,справедливая россия,м,50,0
11.2338559012265,справедливая россия,м,53,0
5.05440505440505,едро,м,31,0
4.36422963189558,яблоко,м,44,0
11.6177484864741,едро,м,52,0
2.53643166601024,самовыдвижение,ж,49,0
16.8422636965683,едро,ж,61,0
6.77581261950287,яблоко,ж,62,0
5.96096592788621,самовыдвижение,м,42,0
3.74717832957111,самовыдвижение,м,31,0
17.9763262977752,едро,ж,63,0
6.98184476666261,едро,м,41,0
15.695067264574,самовыдвижение,ж,68,0
10.0796510525318,едро,м,41,0
1.30570536474596,самовыдвижение,м,33,0
8.03681824426432,яблоко,м,29,0
3.36269773609927,справедливая россия,ж,37,0
8.06513655596871,едро,м,62,0
1.66771554436753,кпрф,м,43,0
2.63294135049183,лдпр,м,52,0
1.62132752992383,самовыдвижение,м,51,0
2.24473700175939,самовыдвижение,м,38,0
4.87384084537416,яблоко,м,32,0
6.26337726709474,едро,м,59,0
7.15531115879828,едро,м,48,0
12.9832474226804,едро,ж,52,0
9.57801221543587,едро,м,52,0
7.53473206691239,едро,м,50,0
12.867269365112,едро,ж,58,0
1.31008482563619,самовыдвижение,ж,36,0
6.67295004712535,яблоко,ж,34,0
17.1302800412101,едро,ж,61,0
28.041825095057,яблоко,м,25,0
14.5623342175066,едро,ж,69,0
2.07203297895422,едро,м,29,0
4.37886720609234,лдпр,ж,52,0
6.88278008298755,едро,м,47,0
0.106723585912487,самовыдвижение,м,26,0
4.2262574321067,яблоко,м,28,0
1.66919575113809,кпрф,м,22,0
5.39387475239982,яблоко,м,22,0
5.63013698630137,самовыдвижение,ж,63,0
2.74055415617128,кпрф,м,72,0
5.1176851651911,едро,м,31,0
5.6151015837466,едро,ж,70,0
0.762641036356038,лдпр,м,32,0
13.4042553191489,кпрф,м,56,0
2.76014760147601,яблоко,м,30,0
3.50767953507679,кпрф,м,40,0
2.31436837029894,самовыдвижение,м,35,0
4.82246195613346,самовыдвижение,м,68,0
1.44190871369295,лдпр,м,35,0
2.14585719740359,едро,ж,32,0
4.56816559600286,самовыдвижение,м,42,0
0.840434224349247,лдпр,м,28,0
5.52095497599585,самовыдвижение,ж,38,0
1.90792928408892,лдпр,м,29,0
3.77872459314102,яблоко,м,23,0
8.35837868572821,едро,м,63,0
9.73991223375789,едро,м,44,0
1.81486363175504,самовыдвижение,ж,65,0
8.54385466931592,едро,ж,33,0
5.58206106870229,едро,м,30,0
11.2254105757084,едро,м,58,0
3.49831811629025,самовыдвижение,ж,29,0
5.17173312277931,самовыдвижение,ж,29,0
4.72834329556606,кпрф,м,40,0
4.24228844573904,справедливая россия,ж,32,0
7.42468170931552,самовыдвижение,м,46,0
2.02793189209872,лдпр,ж,31,0
28.4248642124321,едро,ж,59,0
2.19668807029402,самовыдвижение,м,61,0
4.21536692853037,едро,м,27,0
2.05541561712846,лдпр,ж,50,0
4.62209878992263,самовыдвижение,ж,62,0
10.502843126324,едро,ж,69,0
6.24133148404993,едро,м,34,0
7.54486445208095,кпрф,м,61,0
3.85968895447837,самовыдвижение,м,25,0
14.2510565033652,едро,м,62,0
12.191435768262,едро,м,53,0
6.08977606647077,едро,ж,49,0
5.12431422901833,справедливая россия,ж,32,0
14.1893790390559,едро,м,24,0
3.27561789026452,самовыдвижение,м,51,0
3.77897539120836,самовыдвижение,ж,33,0
1.07947434292866,лдпр,м,36,0
8.96194926568758,самовыдвижение,м,23,0
19.1656693451872,едро,м,51,0
1.93300986069807,самовыдвижение,ж,36,0
6.43047803931085,самовыдвижение,м,57,0
7.71971496437055,едро,ж,75,0
1.59406858202039,самовыдвижение,м,53,0
10.910883496741,едро,ж,60,0
8.13358470239698,едро,м,31,0
2.1528111484863,самовыдвижение,м,32,0
15.3780978606228,едро,ж,59,0
1.18623071436615,самовыдвижение,м,38,0
8.73320537428023,едро,м,64,0
8.76288659793814,едро,м,53,0
6.15901455767077,едро,м,48,0
7.05969517358171,едро,м,36,0
6.79036206674398,яблоко,м,28,0
9.6147723654887,едро,ж,31,0
15.3864503816794,справедливая россия,м,58,0
6.23322561209399,лдпр,м,60,0
5.40494166094715,яблоко,ж,35,0
8.89436909165639,лдпр,ж,62,0
6.22873844089885,едро,ж,44,0
1.54639175257732,кпрф,ж,69,0
2.38625233728074,яблоко,ж,22,0
2.30769230769231,самовыдвижение,ж,34,0
14.9226110363392,едро,м,57,0
9.40552609545074,едро,ж,35,0
2.03897713191393,лдпр,м,24,0
1.65529441496083,лдпр,ж,37,0
33.1914893617021,самовыдвижение,ж,46,0
5.53891218960123,яблоко,ж,37,0
0.974196945760927,самовыдвижение,ж,22,0
2.65926696727945,лдпр,ж,30,0
5.41440336428947,самовыдвижение,м,41,0
1.17395944503735,самовыдвижение,ж,46,0
7.19301459363742,едро,м,28,0
0.70867156294292,самовыдвижение,м,30,0
2.75714465567166,самовыдвижение,м,45,0
9.05923344947735,лдпр,м,34,0
4.65574848003506,едро,ж,39,0
8.46590380500512,самовыдвижение,ж,25,0
1.8682742128338,лдпр,м,43,0
4.39131114236599,справедливая россия,м,26,0
4.40627333831217,яблоко,м,23,0
3.83877159309021,самовыдвижение,м,61,0
1.99646196613596,самовыдвижение,м,32,0
18.0934263369267,едро,м,54,0
9.6829846883761,едро,м,30,0
15.3287306529489,едро,м,61,0
6.89655172413793,кпрф,м,46,0
5.22900763358779,едро,м,50,0
4.26305353602115,самовыдвижение,ж,22,0
1.00801832760596,самовыдвижение,м,39,0
13.0616509926855,кпрф,м,59,1
6.02198316183349,лдпр,м,61,0
1.61793925631564,самовыдвижение,м,37,0
3.76774919162098,едро,м,66,0
12.331637234361,едро,м,52,0
8.40193017314789,едро,м,29,0
3.99616368286445,едро,м,50,0
10.1381320491699,самовыдвижение,м,33,0
2.58782347793474,кпрф,ж,40,0
3.31590358372657,кпрф,м,33,0
4.967562557924,едро,ж,56,0
2.91030534351145,едро,ж,56,0
7.03484549638396,едро,м,58,0
9.42861405340892,едро,м,67,0
2.52174548644105,лдпр,м,24,0
5.87566338134951,едро,м,74,0
16.4751552795031,кпрф,м,56,0
1.07601527247484,самовыдвижение,м,30,0
9.53466059006956,кпрф,м,37,0
5.23613963039014,самовыдвижение,м,24,0
4.12560165024066,самовыдвижение,м,29,0
4.5202089634314,справедливая россия,м,36,0
9.33802816901408,едро,м,61,0
5.4305008441193,кпрф,м,64,0
1.98921403943064,лдпр,м,35,0
6.70070197830249,едро,ж,67,0
4.9382716049382704,яблоко,м,33,0
4.85254130934951,самовыдвижение,ж,72,0
3.97429629112244,самовыдвижение,ж,49,0
5.11111111111111,самовыдвижение,м,45,0
4.89336839030091,лдпр,м,41,0
4.26576645695872,едро,ж,50,0
7.98881565807869,едро,ж,70,0
10.0064697002372,едро,ж,35,0
6.26221772834513,самовыдвижение,ж,48,0
11.5491393670183,едро,м,59,0
2.55792400370714,самовыдвижение,ж,22,0
1.39236545682103,лдпр,м,40,0
6.64403168896878,едро,ж,65,0
9.32025227750526,самовыдвижение,м,56,0
3.27062228654124,кпрф,м,32,0
10.0312391530718,едро,ж,59,0
8.76260108563199,едро,ж,60,0
4.56837950442219,кпрф,ж,23,0
5.2429811703687,справедливая россия,м,33,0
4.32032781044005,едро,м,53,0
1.58154246906689,самовыдвижение,ж,19,0
4.81588137981741,кпрф,м,35,0
9.89982782908123,едро,м,68,0
11.7757510729614,едро,ж,50,0
8.77802336596148,самовыдвижение,м,38,0
4.82302348660271,лдпр,м,52,0
8.53778213935231,едро,м,84,0
2.29842446709917,самовыдвижение,ж,22,0
13.5790335790336,едро,ж,64,0
9.49961656441718,самовыдвижение,ж,44,0
2.49299518643581,лдпр,ж,36,0
1.63513197850969,лдпр,ж,36,0
0.589819207590717,самовыдвижение,м,34,0
